anahtar,konusmaci
D10A_F_1,SPK_FATIH
D10A_F_2,SPK_FATIH
D10A_F_3,SPK_FATIH
D10A_F_REFUSE,SPK_FATIH
D10A_H_RADIO,SPK_HIKMET
D10A_N_01,SPK_NIHAT
D10A_N_03,SPK_NIHAT
D10A_N_FORM_1,SPK_NIHAT
D10A_N_FORM_2,SPK_NIHAT
D10A_N_FORM_3,SPK_NIHAT
D10A_N_FORM_6,SPK_NIHAT
D10A_N_MEET_1,SPK_NIHAT
D10A_N_MEET_4,SPK_NIHAT
D10A_N_MEET_5,SPK_NIHAT
D10A_N_OTAG_1,SPK_NIHAT
D10A_N_OTAG_2,SPK_NIHAT
D10A_N_REFUSE,SPK_NIHAT
D10A_N_SIGN,SPK_NIHAT
D10A_TH_01,SPK_THEODOROS
D10A_TH_03,SPK_THEODOROS
D10A_TH_05,SPK_THEODOROS
D10A_TH_DONE_CLEAN,SPK_THEODOROS
D10A_TH_FORM_5,SPK_THEODOROS
D10A_TH_MEET_2,SPK_THEODOROS
D10A_TH_PROGRESS,SPK_THEODOROS
D10A_T_02,SPK_TOLGA
D10A_T_04_CUBE,SPK_TOLGA
D10A_T_DONE,SPK_TOLGA
D10A_T_FORM_4,SPK_TOLGA
D10A_T_MEET_3,SPK_TOLGA
D10A_T_N_02,SPK_TOLGA
D10A_T_RADIO,SPK_TOLGA
D10A_T_REFUSE,SPK_TOLGA
D10A_T_SIGN,SPK_TOLGA
D10B_F_01,SPK_FATIH
D10B_F_02,SPK_FATIH
D10B_F_B1_1,SPK_FATIH
D10B_F_B1_2,SPK_FATIH
D10B_F_B1_3,SPK_FATIH
D10B_F_B2_1,SPK_FATIH
D10B_F_B2_2,SPK_FATIH
D10B_F_B3_1,SPK_FATIH
D10B_F_B3_2,SPK_FATIH
D10B_F_B3_2P,SPK_FATIH
D10B_F_B3_3,SPK_FATIH
D10B_F_B3_4,SPK_FATIH
D10B_F_B3_5,SPK_FATIH
D10B_F_TAPE,SPK_FATIH
D10B_H_B3_AIR,SPK_HIKMET
D10B_H_RADIO_1,SPK_HIKMET
D10B_H_RADIO_3,SPK_HIKMET
D10B_KADRI_B3,SPK_KADRI
D10B_RIDER,SPK_RIDER
D10B_T_02,SPK_TOLGA
D10B_T_ARRIVE,SPK_TOLGA
D10B_T_B1_1,SPK_TOLGA
D10B_T_B1_3,SPK_TOLGA
D10B_T_B1_4,SPK_TOLGA
D10B_T_B1_5,SPK_TOLGA
D10B_T_B2_1,SPK_TOLGA
D10B_T_B3_2,SPK_TOLGA
D10B_T_B3_3,SPK_TOLGA
D10B_T_B3_4,SPK_TOLGA
D10B_T_B3_5,SPK_TOLGA
D10B_T_B3_AIR,SPK_TOLGA
D10B_T_CALC_EYE,SPK_TOLGA
D10B_T_CALC_PHONE,SPK_TOLGA
D10B_T_POWDER_3,SPK_TOLGA
D10B_T_RADIO_1,SPK_TOLGA
D10B_T_RADIO_2,SPK_TOLGA
D10B_T_RADIO_3,SPK_TOLGA
D10B_T_RADIO_4,SPK_TOLGA
D10B_T_TAPE_Q,SPK_TOLGA
D10B_U_01,SPK_URBAN
D10B_U_03,SPK_URBAN
D10B_U_B1_2,SPK_URBAN
D10B_U_B2_2,SPK_URBAN
D10B_U_B2_3,SPK_URBAN
D10B_U_B3_1,SPK_URBAN
D10B_U_B3_4,SPK_URBAN
D10B_U_BOW,SPK_URBAN
D10B_U_CALC,SPK_URBAN
D10B_U_CALC_EYE,SPK_URBAN
D10B_U_CALC_OK,SPK_URBAN
D10B_U_CAST_BAD,SPK_URBAN
D10B_U_CAST_COLD,SPK_URBAN
D10B_U_CAST_GOOD,SPK_URBAN
D10B_U_CAST_INTRO,SPK_URBAN
D10B_U_CAST_OK,SPK_URBAN
D10B_U_CAST_OK2,SPK_URBAN
D10B_U_EARS,SPK_URBAN
D10B_U_FUSE,SPK_URBAN
D10B_U_FUSE_LIGHTER,SPK_URBAN
D10B_U_NAME,SPK_URBAN
D10B_U_NAME_2,SPK_URBAN
D10B_U_POWDER,SPK_URBAN
D10B_U_POWDER_1,SPK_URBAN
D10B_U_POWDER_2,SPK_URBAN
D10B_U_POWDER_3,SPK_URBAN
D10B_U_TAPED,SPK_URBAN
D10B_U_UNTAPED,SPK_URBAN
D10G_C_1,SPK_CAPTAIN
D10G_C_3,SPK_CAPTAIN
D10G_C_MISSED,SPK_CAPTAIN
D10G_C_SAIL,SPK_CAPTAIN
D10G_C_TO_FATIH,SPK_CAPTAIN
D10G_C_VENICE,SPK_CAPTAIN
D10G_D_1,SPK_DOUBLE
D10G_D_3,SPK_DOUBLE
D10G_F_1,SPK_FISHMONGER
D10G_F_3,SPK_FISHMONGER
D10G_F_LETTER,SPK_FATIH
D10G_H_RADIO,SPK_HIKMET
D10G_N_1,SPK_NOTARY
D10G_N_3,SPK_NOTARY
D10G_N_5,SPK_NOTARY
D10G_T_01,SPK_TOLGA
D10G_T_02,SPK_TOLGA
D10G_T_C_2,SPK_TOLGA
D10G_T_D_2,SPK_TOLGA
D10G_T_FATIH_1,SPK_TOLGA
D10G_T_FATIH_2,SPK_TOLGA
D10G_T_F_2,SPK_TOLGA
D10G_T_LETTER,SPK_TOLGA
D10G_T_MISSED,SPK_TOLGA
D10G_T_MISSED_2,SPK_TOLGA
D10G_T_N_2,SPK_TOLGA
D10G_T_N_4,SPK_TOLGA
D10G_T_RADIO,SPK_TOLGA
D10G_T_SAIL,SPK_TOLGA
D10G_T_SEASICK,SPK_TOLGA
D10G_T_TO_FATIH,SPK_TOLGA
D10G_T_W_2,SPK_TOLGA
D10G_W_1,SPK_WINE
D10G_W_2,SPK_WINE
D10G_W_R2,SPK_WINE
D10H_E_01,SPK_ENVOY
D10H_E_FIXED_2,SPK_ENVOY
D10H_E_MAYBE,SPK_ENVOY
D10H_E_OFFER,SPK_ENVOY
D10H_G_1,SPK_GIUST
D10H_G_PB,SPK_GIUST
D10H_H_RADIO,SPK_HIKMET
D10H_H_RADIO_SAVE,SPK_HIKMET
D10H_K_01,SPK_EMPEROR
D10H_K_ANSWER,SPK_EMPEROR
D10H_K_CANT_SAY,SPK_EMPEROR
D10H_K_CONFESS,SPK_EMPEROR
D10H_K_FIXED_1,SPK_EMPEROR
D10H_K_FRANK,SPK_EMPEROR
D10H_K_FRANK_1,SPK_EMPEROR
D10H_K_FRANK_3,SPK_EMPEROR
D10H_K_HELP,SPK_EMPEROR
D10H_K_HOUSE,SPK_EMPEROR
D10H_K_LETTER,SPK_EMPEROR
D10H_K_SAFE,SPK_EMPEROR
D10H_K_SHAME,SPK_EMPEROR
D10H_K_STAY,SPK_EMPEROR
D10H_L_02,SPK_LUTFI
D10H_L_04,SPK_LUTFI
D10H_L_ANSWER,SPK_LUTFI
D10H_L_FIXED_1,SPK_LUTFI
D10H_L_OFFER,SPK_LUTFI
D10H_L_SHAME,SPK_LUTFI
D10H_N_1,SPK_NIKO
D10H_N_K,SPK_NIKO
D10H_N_PEAS,SPK_NIKO
D10H_TH_01,SPK_THEODOROS
D10H_TH_ANSWER,SPK_THEODOROS
D10H_TH_CONFESS,SPK_THEODOROS
D10H_TH_FRANK,SPK_THEODOROS
D10H_TH_HELP,SPK_THEODOROS
D10H_TH_LETTER,SPK_THEODOROS
D10H_TH_OFFER,SPK_THEODOROS
D10H_T_03,SPK_TOLGA
D10H_T_CANT_SAY,SPK_TOLGA
D10H_T_CONFESS,SPK_TOLGA
D10H_T_EXIT_1,SPK_TOLGA
D10H_T_EXIT_3,SPK_TOLGA
D10H_T_FIX_1,SPK_TOLGA
D10H_T_FIX_2,SPK_TOLGA
D10H_T_FRANK_1,SPK_TOLGA
D10H_T_FRANK_3,SPK_TOLGA
D10H_T_G_PB,SPK_TOLGA
D10H_T_HELP,SPK_TOLGA
D10H_T_KEEP,SPK_TOLGA
D10H_T_K_1,SPK_TOLGA
D10H_T_K_2,SPK_TOLGA
D10H_T_N_PEAS,SPK_TOLGA
D10H_T_OPEN,SPK_TOLGA
D10H_T_OPEN_2,SPK_TOLGA
D10H_T_RADIO_LETTER,SPK_TOLGA
D10H_T_RADIO_SAVE,SPK_TOLGA
D10H_T_RADIO_SHAME,SPK_TOLGA
D10H_T_SAFE,SPK_TOLGA
D10L_D_01,SPK_MINER
D10L_D_03,SPK_MINER
D10L_D_05,SPK_MINER
D10L_D_DIG_1,SPK_MINER
D10L_D_DIG_3,SPK_MINER
D10L_D_DIG_5,SPK_MINER
D10L_D_HEARD,SPK_MINER
D10L_D_SUPPORT,SPK_MINER
D10L_D_TRUCE,SPK_MINER
D10L_D_WARN,SPK_MINER
D10L_G_LEBLEBI,SPK_GRANT
D10L_G_MEET_2,SPK_GRANT
D10L_G_MEET_4,SPK_GRANT
D10L_G_POLICY,SPK_GRANT
D10L_G_RETREAT,SPK_GRANT
D10L_G_TRUCE,SPK_GRANT
D10L_H_RADIO,SPK_HIKMET
D10L_N_DIG_1,SPK_NIHAT
D10L_N_DIG_2,SPK_NIHAT
D10L_T_02,SPK_TOLGA
D10L_T_04,SPK_TOLGA
D10L_T_COLLAPSE,SPK_TOLGA
D10L_T_COLLAPSE_2,SPK_TOLGA
D10L_T_HEARD,SPK_TOLGA
D10L_T_LEBLEBI,SPK_TOLGA
D10L_T_LISTEN,SPK_TOLGA
D10L_T_MEET_1,SPK_TOLGA
D10L_T_MEET_3,SPK_TOLGA
D10L_T_POLICY,SPK_TOLGA
D10L_T_RADIO,SPK_TOLGA
D10L_T_RETREAT,SPK_TOLGA
D10L_T_TRUCE,SPK_TOLGA
D10O_A_AGAIN,SPK_AGA
D10O_A_BEGIN,SPK_AGA
D10O_A_BYE,SPK_AGA
D10O_A_CHASE,SPK_AGA
D10O_A_INTRO,SPK_AGA
D10O_A_ITEM_SELFIE,SPK_AGA
D10O_A_NEXT,SPK_AGA
D10O_A_PASS,SPK_AGA
D10O_A_Q1,SPK_AGA
D10O_A_Q1_LIE,SPK_AGA
D10O_A_Q1_OK,SPK_AGA
D10O_A_Q2,SPK_AGA
D10O_A_Q2_OK,SPK_AGA
D10O_A_Q2_SKIP,SPK_AGA
D10O_A_Q3_CAMEL,SPK_AGA
D10O_A_Q3_IDK,SPK_AGA
D10O_A_Q3_OK,SPK_AGA
D10O_A_SHOUT,SPK_AGA
D10O_CAMELEER_1,SPK_CAMELEER
D10O_CAMELEER_2,SPK_CAMELEER
D10O_F_TOMORROW,SPK_FATIH
D10O_G_ENVOY,SPK_HASAN
D10O_G_LIFT,SPK_HASAN
D10O_G_LIFT2,SPK_HUSEYIN
D10O_K_COME,SPK_KADRI
D10O_T_01,SPK_TOLGA
D10O_T_02,SPK_TOLGA
D10O_T_CAMELEER_ASK,SPK_TOLGA
D10O_T_END,SPK_TOLGA
D10O_T_ENVOY,SPK_TOLGA
D10O_T_INSIDE,SPK_TOLGA
D10O_T_KITCHEN,SPK_TOLGA
D10O_T_THROWN_1,SPK_TOLGA
D10O_T_THROWN_2,SPK_TOLGA
D10Z_BOTH,SPK_KADRI
D10Z_F_01,SPK_FATIH
D10Z_F_STAY,SPK_FATIH
D10Z_F_TASTE_GOOD,SPK_FATIH
D10Z_F_TASTE_LEB,SPK_FATIH
D10Z_F_WHO,SPK_FATIH
D10Z_H_FIRE,SPK_HIKMET
D10Z_H_RADIO,SPK_HIKMET
D10Z_K_01,SPK_KADRI
D10Z_K_03,SPK_KADRI
D10Z_K_ASK_MAIN,SPK_KADRI
D10Z_K_ASK_SOUP,SPK_KADRI
D10Z_K_ASK_SWEET,SPK_KADRI
D10Z_K_CRIT_1,SPK_KADRI
D10Z_K_CRIT_2,SPK_KADRI
D10Z_K_CRIT_3,SPK_KADRI
D10Z_K_FIRE_1,SPK_KADRI
D10Z_K_FIRE_3,SPK_KADRI
D10Z_K_FUSION,SPK_KADRI
D10Z_K_LEBLEBI,SPK_KADRI
D10Z_K_MAIN_NO,SPK_KADRI
D10Z_K_MAIN_OK_1,SPK_KADRI
D10Z_K_SOUP_NO,SPK_KADRI
D10Z_K_SOUP_OK_1,SPK_KADRI
D10Z_K_STOVE,SPK_KADRI
D10Z_K_SWEET_NO,SPK_KADRI
D10Z_K_SWEET_OK_1,SPK_KADRI
D10Z_K_TASTE_BURNT,SPK_KADRI
D10Z_K_TASTE_BURNT2,SPK_KADRI
D10Z_K_TASTE_OK_1,SPK_KADRI
D10Z_K_TASTE_OK_2,SPK_KADRI
D10Z_K_TASTE_OK_3,SPK_KADRI
D10Z_K_TITLE,SPK_KADRI
D10Z_K_WAIT,SPK_KADRI
D10Z_K_YES_1,SPK_KADRI
D10Z_K_YES_3,SPK_KADRI
D10Z_T_02,SPK_TOLGA
D10Z_T_ENTER,SPK_TOLGA
D10Z_T_FIRE_2,SPK_TOLGA
D10Z_T_FIRE_4,SPK_TOLGA
D10Z_T_FUSION,SPK_TOLGA
D10Z_T_LEBLEBI,SPK_TOLGA
D10Z_T_MAIN_MODERN,SPK_TOLGA
D10Z_T_MENU_DONE,SPK_TOLGA
D10Z_T_RADIO,SPK_TOLGA
D10Z_T_SOUP_MODERN,SPK_TOLGA
D10Z_T_SWEET_MODERN,SPK_TOLGA
D10Z_T_TITLE,SPK_TOLGA
D10Z_T_TITLE_2,SPK_TOLGA
D10Z_T_WAIT,SPK_TOLGA
D10Z_T_YES,SPK_TOLGA
D11_H_01,SPK_HIKMET
D11_H_03,SPK_HIKMET
D11_H_05,SPK_HIKMET
D11_H_07,SPK_HIKMET
D11_M_FIRED,SPK_MUFIDE
D11_M_FOUND,SPK_MUFIDE
D11_M_ILLUM,SPK_MUFIDE
D11_M_LOST,SPK_MUFIDE
D11_NK_01,SPK_NIKO
D11_NK_03,SPK_NIKO
D11_N_01,SPK_NIHAT
D11_N_03,SPK_NIHAT
D11_N_05,SPK_NIHAT
D11_N_ARREST,SPK_NIHAT
D11_N_ARRIVE,SPK_NIHAT
D11_N_CUFF,SPK_NIHAT
D11_N_DECIDE,SPK_NIHAT
D11_N_FIRED,SPK_NIHAT
D11_N_FOUND,SPK_NIHAT
D11_N_GIVE_UP,SPK_NIHAT
D11_N_HELP_1,SPK_NIHAT
D11_N_HELP_3,SPK_NIHAT
D11_N_HONEST,SPK_NIHAT
D11_N_H_02,SPK_NIHAT
D11_N_H_04,SPK_NIHAT
D11_N_H_06,SPK_NIHAT
D11_N_H_08,SPK_NIHAT
D11_N_ILLUM,SPK_NIHAT
D11_N_ILLUM_2,SPK_NIHAT
D11_N_INSURANCE,SPK_NIHAT
D11_N_ITEM_CHICKPEAS,SPK_NIHAT
D11_N_LOST_1,SPK_NIHAT
D11_N_LOST_2,SPK_NIHAT
D11_N_NK_02,SPK_NIHAT
D11_N_NK_04,SPK_NIHAT
D11_N_RELEASE,SPK_NIHAT
D11_N_RUN_OK,SPK_NIHAT
D11_N_WALL,SPK_NIHAT
D11_N_WALL_TORN,SPK_NIHAT
D11_T_02,SPK_TOLGA
D11_T_04,SPK_TOLGA
D11_T_CUFF,SPK_TOLGA
D11_T_HELP_2,SPK_TOLGA
D11_T_HELP_4,SPK_TOLGA
D11_T_HONEST,SPK_TOLGA
D11_T_INSURANCE,SPK_TOLGA
D11_T_RELEASE,SPK_TOLGA
D11_T_RUN,SPK_TOLGA
D11_T_SURRENDER,SPK_TOLGA
D12B_H_RADIO,SPK_HIKMET
D12B_K_01,SPK_EMPEROR
D12B_K_03,SPK_EMPEROR
D12B_K_CANT_SAY,SPK_EMPEROR
D12B_K_DONE_1,SPK_EMPEROR
D12B_K_DONE_2,SPK_EMPEROR
D12B_K_DONE_3,SPK_EMPEROR
D12B_K_END,SPK_EMPEROR
D12B_K_LIE,SPK_EMPEROR
D12B_K_Q,SPK_EMPEROR
D12B_K_YEAR,SPK_EMPEROR
D12B_T_02,SPK_TOLGA
D12B_T_04,SPK_TOLGA
D12B_T_CANT_SAY,SPK_TOLGA
D12B_T_LIE,SPK_TOLGA
D12B_T_RADIO,SPK_TOLGA
D12B_T_YEAR,SPK_TOLGA
D12_END_12_1_1,SPK_FATIH
D12_END_12_1_2,SPK_TOLGA
D12_END_12_1_3,SPK_FATIH
D12_END_12_2_1,SPK_FATIH
D12_END_12_2_2,SPK_TOLGA
D12_END_12_2_3,SPK_FATIH
D12_END_12_3_1,SPK_FATIH
D12_END_12_3_2,SPK_TOLGA
D12_END_12_3_3,SPK_FATIH
D12_END_12_4_1,SPK_FATIH
D12_END_12_4_2,SPK_TOLGA
D12_END_12_4_3,SPK_FATIH
D12_END_12_5_1,SPK_FATIH
D12_END_12_5_2,SPK_TOLGA
D12_END_12_5_3,SPK_FATIH
D12_END_12_6_1,SPK_FATIH
D12_END_12_6_2,SPK_HIKMET
D12_END_12_6_3,SPK_FATIH
D12_F_01,SPK_FATIH
D12_F_AGAIN,SPK_FATIH
D12_F_CANNON,SPK_FATIH
D12_F_CANNON_A,SPK_FATIH
D12_F_CANNON_C,SPK_FATIH
D12_F_CUBE_2,SPK_FATIH
D12_F_HIKMET_1,SPK_FATIH
D12_F_HIKMET_3,SPK_FATIH
D12_F_ITEMS,SPK_FATIH
D12_F_ITEM_BOOK,SPK_FATIH
D12_F_ITEM_CHICKPEAS,SPK_FATIH
D12_F_ITEM_CUBE,SPK_FATIH
D12_F_ITEM_PHONE,SPK_FATIH
D12_F_ITEM_TAPE,SPK_FATIH
D12_F_KEY,SPK_FATIH
D12_F_KITCHEN,SPK_FATIH
D12_F_LETTER,SPK_FATIH
D12_F_MACHINE,SPK_FATIH
D12_F_NIHAT_2,SPK_FATIH
D12_F_RETRY,SPK_FATIH
D12_F_WHO,SPK_FATIH
D12_F_WHO_B,SPK_FATIH
D12_F_WHO_C,SPK_FATIH
D12_H_02,SPK_HIKMET
D12_H_MACHINE,SPK_HIKMET
D12_K_01,SPK_KADRI
D12_K_03,SPK_KADRI
D12_N_01,SPK_NIHAT
D12_N_03,SPK_NIHAT
D12_T_CANNON_A,SPK_TOLGA
D12_T_CANNON_C,SPK_TOLGA
D12_T_CUBE,SPK_TOLGA
D12_T_ENTER,SPK_TOLGA
D12_T_JEALOUS,SPK_TOLGA
D12_T_KEY_A,SPK_TOLGA
D12_T_KEY_B,SPK_TOLGA
D12_T_KEY_C,SPK_TOLGA
D12_T_KEY_D,SPK_TOLGA
D12_T_KEY_E,SPK_TOLGA
D12_T_KITCHEN_END,SPK_TOLGA
D12_T_K_02,SPK_TOLGA
D12_T_LETTER,SPK_TOLGA
D12_T_WHO_B,SPK_TOLGA
D12_T_WHO_C,SPK_TOLGA
D13_F_MISSED,SPK_FATIH
D13_H3_01,SPK_HIKMET
D13_H3_OPEN,SPK_HIKMET
D13_H3_STAY,SPK_HIKMET
D13_H3_TOGETHER,SPK_HIKMET
D13_H3_TUNE,SPK_HIKMET
D13_H_01,SPK_HIKMET
D13_H_02,SPK_HIKMET
D13_H_1977_2,SPK_HIKMET
D13_H_BACK_1,SPK_HIKMET
D13_H_BACK_3,SPK_HIKMET
D13_H_CARD,SPK_HIKMET
D13_H_DEPOT_1,SPK_HIKMET
D13_H_FOUND,SPK_HIKMET
D13_H_LEVER,SPK_HIKMET
D13_H_MISSED,SPK_HIKMET
D13_H_OPEN,SPK_HIKMET
D13_H_PRESS,SPK_HIKMET
D13_H_TOG_1,SPK_HIKMET
D13_H_TOG_3,SPK_HIKMET
D13_H_TUNE,SPK_HIKMET
D13_H_TUNED,SPK_HIKMET
D13_H_TUNE_DEPOT,SPK_HIKMET
D13_H_WRONG,SPK_HIKMET
D13_MECLIS_1,SPK_HIKMET
D13_MECLIS_2,SPK_TOLGA
D13_R_CARD,SPK_RIZA
D13_R_CARD_OK,SPK_RIZA
D13_T3_02,SPK_TOLGA
D13_T3_STAY,SPK_TOLGA
D13_T3_TOGETHER,SPK_TOLGA
D13_T_1977_1,SPK_TOLGA
D13_T_1977_3,SPK_TOLGA
D13_T_BACK_2,SPK_TOLGA
D13_T_BACK_4,SPK_TOLGA
D13_T_MISSED,SPK_TOLGA
D13_T_PRESSED,SPK_TOLGA
D13_T_TOG_2,SPK_TOLGA
D13_U3_03,SPK_URBAN
D13_U3_ASK,SPK_URBAN
D13_U3_FIRE,SPK_URBAN
D13_W4_1,SPK_HIKMET
D13_W4_2,SPK_HIKMET
D13_W4_3,SPK_TOLGA
D13_W4_4,SPK_HIKMET
D13_W4_5,SPK_TOLGA
D14_M_02,SPK_MUFIDE
D14_M_FIXED,SPK_MUFIDE
D14_M_FORGE,SPK_MUFIDE
D14_M_NEW_1,SPK_MUFIDE
D14_M_NEW_3,SPK_MUFIDE
D14_M_RECRUIT,SPK_MUFIDE
D14_M_RESIGN,SPK_MUFIDE
D14_NN_2,SPK_NIHAT
D14_NN_4,SPK_NIHAT
D14_NN_5,SPK_NIHAT
D14_N_01,SPK_NIHAT
D14_N_03,SPK_NIHAT
D14_N_FIXED,SPK_NIHAT
D14_N_FORGE,SPK_NIHAT
D14_N_RECRUIT,SPK_NIHAT
D14_N_RESIGN_1,SPK_NIHAT
D14_N_RESIGN_2,SPK_NIHAT
D14_N_TYPE,SPK_NIHAT
D14_N_W2,SPK_NIHAT
D14_N_W4,SPK_NIHAT
D14_N_Z1,SPK_NIHAT
D14_T_W1,SPK_TOLGA
D14_T_W3,SPK_TOLGA
D15_G_H1,SPK_HIKMET
D15_G_N4,SPK_HIKMET
D15_G_PYJAMA,SPK_HIKMET
D15_G_PYJAMA_2,SPK_HIKMET
D15_G_PYJAMA_T,SPK_TOLGA
D15_G_TWO,SPK_HIKMET
D15_G_W10,SPK_HIKMET
D15_G_W11,SPK_HIKMET
D15_G_W12,SPK_HIKMET
D15_G_W13,SPK_HIKMET
D15_G_W4,SPK_HIKMET
D15_G_W5,SPK_HIKMET
D15_G_W5B,SPK_HIKMET
D15_G_W6,SPK_HIKMET
D15_G_W7,SPK_HIKMET
D15_G_W8,SPK_HIKMET
D15_N_N1,SPK_NIHAT
D15_N_N2,SPK_NIHAT
D15_N_N3,SPK_NIHAT
D15_N_N4,SPK_MUFIDE
D15_N_T4,SPK_NIHAT
D15_O_DOCS,SPK_TOLGA
D15_O_DOCS_2,SPK_MANAGER
D15_O_Q,SPK_MANAGER
D15_O_T2,SPK_MANAGER
D15_O_T2_1453,SPK_TOLGA
D15_O_T4,SPK_TOLGA
D15_O_W10_A,SPK_COWORKER_A
D15_O_W10_B,SPK_COWORKER_B
D15_O_W11_A,SPK_COWORKER_A
D15_O_W11_B,SPK_COWORKER_B
D15_O_W12_A,SPK_COWORKER_A
D15_O_W12_B,SPK_COWORKER_B
D15_O_W6_A,SPK_COWORKER_A
D15_O_W6_B,SPK_COWORKER_B
D15_S_FIXED,SPK_TOLGA
D15_S_N3,SPK_NIHAT
D15_S_T2,SPK_DRIVER
D15_S_W1,SPK_TOLGA
D15_S_W10,SPK_TOLGA
D15_S_W11,SPK_TOLGA
D15_S_W12,SPK_TOLGA
D15_S_W13,SPK_TOLGA
D15_S_W2,SPK_TOLGA
D15_S_W5,SPK_TOLGA
D15_S_W5B,SPK_TOLGA
D15_S_W6,SPK_TOLGA
D15_S_W7,SPK_TOLGA
D15_S_W8,SPK_TOLGA
D16_G_CATCH_1,SPK_HASAN
D16_G_CATCH_2,SPK_HASAN
D16_G_CATCH_3,SPK_HUSEYIN
D16_HU_GONE,SPK_HUSEYIN
D16_H_GONE,SPK_HASAN
D16_S_01,SPK_SINERJI
D16_S_02,SPK_SINERJI
D16_S_LATE,SPK_SINERJI
D16_S_LEB,SPK_SINERJI
D1_H_01,SPK_HIKMET
D1_H_02,SPK_HIKMET
D1_H_04,SPK_HIKMET
D1_H_06,SPK_HIKMET
D1_H_08,SPK_HIKMET
D1_H_10,SPK_HIKMET
D1_H_12,SPK_HIKMET
D1_H_13,SPK_HIKMET
D1_H_14,SPK_HIKMET
D1_H_15,SPK_HIKMET
D1_H_16,SPK_HIKMET
D1_H_17,SPK_HIKMET
D1_H_18,SPK_HIKMET
D1_H_19,SPK_HIKMET
D1_H_21,SPK_HIKMET
D1_H_22,SPK_HIKMET
D1_H_23,SPK_HIKMET
D1_H_25,SPK_HIKMET
D1_H_26,SPK_HIKMET
D1_H_27,SPK_HIKMET
D1_H_29,SPK_HIKMET
D1_H_30,SPK_HIKMET
D1_H_31,SPK_HIKMET
D1_H_KICK_WEAK,SPK_HIKMET
D1_T_03,SPK_TOLGA
D1_T_05,SPK_TOLGA
D1_T_07,SPK_TOLGA
D1_T_09,SPK_TOLGA
D1_T_11,SPK_TOLGA
D1_T_20,SPK_TOLGA
D1_T_24,SPK_TOLGA
D1_T_28,SPK_TOLGA
D2_HA_11,SPK_HASAN
D2_HA_13,SPK_HASAN
D2_HU_12,SPK_HUSEYIN
D2_H_02,SPK_HIKMET
D2_H_04,SPK_HIKMET
D2_H_07,SPK_HIKMET
D2_H_09,SPK_HIKMET
D2_H_17,SPK_HIKMET
D2_H_19,SPK_HIKMET
D2_H_24,SPK_HIKMET
D2_H_RADIO_YES,SPK_HIKMET
D2_H_SWIM_BOAT,SPK_HIKMET
D2_H_WARRANTY,SPK_HIKMET
D2_H_WARRANTY_END,SPK_HIKMET
D2_R_21,SPK_ROWER
D2_S_06,SPK_SOLDIER
D2_S_14,SPK_SOLDIER
D2_S_16,SPK_SOLDIER
D2_S_23,SPK_SOLDIER
D2_S_ROPE,SPK_SOLDIER
D2_T_01,SPK_TOLGA
D2_T_03,SPK_TOLGA
D2_T_05,SPK_TOLGA
D2_T_08,SPK_TOLGA
D2_T_10,SPK_TOLGA
D2_T_15,SPK_TOLGA
D2_T_18,SPK_TOLGA
D2_T_20,SPK_TOLGA
D2_T_22,SPK_TOLGA
D2_T_AMPHORA,SPK_TOLGA
D2_T_FALL,SPK_TOLGA
D2_T_STUMBLE_1,SPK_TOLGA
D2_T_SWIM_BUMP,SPK_TOLGA
D3_H_17,SPK_HIKMET
D3_H_19,SPK_HIKMET
D3_H_21,SPK_HIKMET
D3_H_22,SPK_HIKMET
D3_H_24,SPK_HIKMET
D3_H_7C,SPK_HIKMET
D3_H_CONFESS_1,SPK_HIKMET
D3_H_CONFESS_2,SPK_HIKMET
D3_H_END_31,SPK_HIKMET
D3_H_END_32,SPK_HIKMET
D3_H_END_33,SPK_HIKMET
D3_H_END_34,SPK_HIKMET
D3_H_END_34B,SPK_HIKMET
D3_H_END_35,SPK_HIKMET
D3_H_KIND,SPK_HIKMET
D3_H_LIE_KIND,SPK_HIKMET
D3_H_LIE_RULE,SPK_HIKMET
D3_H_RULE,SPK_HIKMET
D3_H_TEA_1,SPK_HIKMET
D3_H_TEA_2,SPK_HIKMET
D3_H_TEA_3,SPK_HIKMET
D3_M_05,SPK_MUFIDE
D3_M_07,SPK_MUFIDE
D3_M_08,SPK_MUFIDE
D3_M_09A,SPK_MUFIDE
D3_M_10,SPK_MUFIDE
D3_N_01,SPK_NIHAT
D3_N_02,SPK_NIHAT
D3_N_03,SPK_NIHAT
D3_N_04,SPK_NIHAT
D3_N_06,SPK_NIHAT
D3_N_12,SPK_NIHAT
D3_N_14,SPK_NIHAT
D3_N_16,SPK_NIHAT
D3_N_18,SPK_NIHAT
D3_N_20,SPK_NIHAT
D3_N_23,SPK_NIHAT
D3_N_7C_1,SPK_NIHAT
D3_N_7C_2,SPK_NIHAT
D3_N_7C_3,SPK_NIHAT
D3_N_END_31,SPK_NIHAT
D3_N_END_31B,SPK_NIHAT
D3_N_END_32,SPK_NIHAT
D3_N_END_33,SPK_NIHAT
D3_N_END_33B,SPK_NIHAT
D3_N_END_34,SPK_NIHAT
D3_N_END_35,SPK_NIHAT
D3_N_EVIDENCE_HIKMET,SPK_NIHAT
D3_N_FEZ,SPK_NIHAT
D3_N_HOLO_HIKMET,SPK_NIHAT
D3_N_KIND,SPK_NIHAT
D3_N_LIE_KIND_SLIP,SPK_NIHAT
D3_N_RULE,SPK_NIHAT
D3_N_SHELLS,SPK_NIHAT
D3_N_TAPE,SPK_NIHAT
D3_N_TEA,SPK_NIHAT
D3_N_TRACE_BONUS,SPK_NIHAT
D3_N_TRACE_DONE,SPK_NIHAT
D3_R_11,SPK_RIZA
D3_R_13,SPK_RIZA
D3_R_15,SPK_RIZA
D4A_HA_ARGUE_1,SPK_HASAN
D4A_HA_BLUFF,SPK_HASAN
D4A_HA_END,SPK_HASAN
D4A_HA_STOP,SPK_HASAN
D4A_HU_CAUGHT,SPK_HUSEYIN
D4A_HU_END,SPK_HUSEYIN
D4A_HU_STOP,SPK_HUSEYIN
D4A_H_02,SPK_HIKMET
D4A_ITEM_TAPE_1,SPK_HUSEYIN
D4A_ITEM_TAPE_2,SPK_TOLGA
D4A_ITEM_TAPE_3,SPK_HASAN
D4A_K_DISHES,SPK_KADRI
D4A_K_DISHES2,SPK_KADRI
D4A_T_01,SPK_TOLGA
D4A_T_01M,SPK_TOLGA
D4A_T_03,SPK_TOLGA
D4A_T_04,SPK_TOLGA
D4A_T_AGAIN,SPK_TOLGA
D4A_T_BLUFF,SPK_TOLGA
D4A_T_DISHES,SPK_TOLGA
D4A_T_END1,SPK_TOLGA
D4A_T_OTAG,SPK_TOLGA
D4A_T_WIN_TAPE,SPK_TOLGA
D4B_H_02,SPK_HIKMET
D4B_N_01,SPK_NIKO
D4B_N_02,SPK_NIKO
D4B_N_03,SPK_NIKO
D4B_N_CELL,SPK_NIKO
D4B_N_CELL2,SPK_NIKO
D4B_N_GATE,SPK_NIKO
D4B_N_HAT,SPK_NIKO
D4B_N_MERCHANT,SPK_NIKO
D4B_N_MERCHANT2,SPK_NIKO
D4B_N_SPY,SPK_NIKO
D4B_N_SPY2,SPK_NIKO
D4B_T_01,SPK_TOLGA
D4B_T_CELL,SPK_TOLGA
D4B_T_MERCHANT,SPK_TOLGA
D4B_T_SPY,SPK_TOLGA
D5_B_INTERCEPT,SPK_BUREAU_RADIO
D5_H_01,SPK_HIKMET
D5_H_02,SPK_HIKMET
D5_H_03,SPK_HIKMET
D5_H_AFTER,SPK_HIKMET
D5_H_AFTER_NO,SPK_HIKMET
D5_H_CALL_1,SPK_HIKMET
D5_H_CALL_3,SPK_HIKMET
D5_H_CALL_5,SPK_HIKMET
D5_H_CARD,SPK_HIKMET
D5_H_CONF_0,SPK_HIKMET
D5_H_CONF_0_NO,SPK_HIKMET
D5_H_CONF_1,SPK_HIKMET
D5_H_CONF_2,SPK_HIKMET
D5_H_CONF_3,SPK_HIKMET
D5_H_CONF_4,SPK_HIKMET
D5_H_DISMANTLE,SPK_HIKMET
D5_H_DISMANTLE2,SPK_HIKMET
D5_H_END,SPK_HIKMET
D5_H_FOUND,SPK_HIKMET
D5_H_FOUND_TV,SPK_HIKMET
D5_H_HIDDEN,SPK_HIKMET
D5_H_NO_CALL,SPK_HIKMET
D5_H_PICK_ANTENNA,SPK_HIKMET
D5_H_PICK_PANEL,SPK_HIKMET
D5_H_PICK_RING,SPK_HIKMET
D5_H_SEAL,SPK_HIKMET
D5_H_SEAL2,SPK_HIKMET
D5_H_SPOT_CALENDAR,SPK_HIKMET
D5_H_SPOT_TIN,SPK_HIKMET
D5_H_TUNE,SPK_HIKMET
D5_N_CALL_2,SPK_NIHAT
D5_N_CALL_4,SPK_NIHAT
D5_N_CALL_6,SPK_NIHAT
D5_RADIO_01,SPK_RADIO
D5_T_ACCIDENT_CAMP,SPK_TOLGA
D6A_C_01,SPK_CANDARLI
D6A_C_03,SPK_CANDARLI
D6A_C_TAKEN,SPK_CANDARLI
D6A_S_LETTER,SPK_SOLDIER
D6A_S_LETTER_R1,SPK_SOLDIER
D6A_T_01,SPK_TOLGA
D6A_T_C_02,SPK_TOLGA
D6A_T_C_TAKEN,SPK_TOLGA
D6A_T_GOAT,SPK_TOLGA
D6A_T_KAFTAN,SPK_TOLGA
D6A_T_RING,SPK_TOLGA
D6A_T_ROAD_A,SPK_TOLGA
D6A_T_ROAD_B,SPK_TOLGA
D6A_T_ROAD_C,SPK_TOLGA
D6A_T_ROAD_Y,SPK_TOLGA
D6B_C_OK_1,SPK_CLERK
D6B_C_OK_2,SPK_CLERK
D6B_C_OK_3,SPK_CLERK
D6B_C_OK_4,SPK_CLERK
D6B_E_01,SPK_EMPEROR
D6B_E_03,SPK_EMPEROR
D6B_E_04,SPK_EMPEROR
D6B_G_INSURANCE,SPK_GIUST
D6B_G_INSURANCE2,SPK_GIUST
D6B_G_SILENT,SPK_GIUST
D6B_G_WARN,SPK_GIUST
D6B_NIHAT_ALARM,SPK_NIHAT
D6B_NIHAT_PLAZA,SPK_NIHAT
D6B_N_BYE,SPK_NIKO
D6B_N_CALL,SPK_NIKO
D6B_N_DUNGEON,SPK_NIKO
D6B_N_E_01,SPK_NIKO
D6B_N_E_03,SPK_NIKO
D6B_N_E_04,SPK_NIKO
D6B_N_PERMIT,SPK_NIKO
D6B_N_PLAZA,SPK_NIKO
D6B_THEO_DONE,SPK_THEODOROS
D6B_THEO_FAIL,SPK_THEODOROS
D6B_T_01,SPK_TOLGA
D6B_T_AFTER_LETTER,SPK_TOLGA
D6B_T_DUNGEON,SPK_TOLGA
D6B_T_E_02,SPK_TOLGA
D6B_T_INSURANCE,SPK_TOLGA
D6B_T_INSURANCE2,SPK_TOLGA
D6B_T_KNOW,SPK_TOLGA
D6B_T_LETTER,SPK_TOLGA
D6B_T_PERMIT,SPK_TOLGA
D6B_T_PLAZA,SPK_TOLGA
D6B_T_SEALED,SPK_TOLGA
D6B_T_SILENT,SPK_TOLGA
D6B_T_WARN,SPK_TOLGA
D6_GIUST_HELLO,SPK_GIUST
D6_H_ANSWER,SPK_HIKMET
D6_H_CALL,SPK_HIKMET
D6_KADRI_CHICKPEAS,SPK_KADRI
D6_KADRI_CHICKPEAS_2,SPK_KADRI
D6_KADRI_CHICKPEAS_T,SPK_TOLGA
D6_KADRI_DONE,SPK_KADRI
D6_KADRI_FEZ_OFF,SPK_KADRI
D6_KADRI_HELLO,SPK_KADRI
D6_LUTFI_COLOGNE,SPK_LUTFI
D6_LUTFI_DONE,SPK_LUTFI
D6_LUTFI_HELLO,SPK_LUTFI
D6_T_ANSWER,SPK_TOLGA
D6_URBAN_DONE,SPK_URBAN
D6_URBAN_HELLO,SPK_URBAN
D6_URBAN_PHONE,SPK_URBAN
D7_HASAN_FAN,SPK_HASAN
D7_HASAN_HELLO,SPK_HASAN
D7_HASAN_TEA,SPK_HASAN
D7_HUSEYIN_FAN,SPK_HUSEYIN
D7_HUSEYIN_HELLO,SPK_HUSEYIN
D7_HUSEYIN_LIE,SPK_HUSEYIN
D7_HUSEYIN_TEA,SPK_HUSEYIN
D7_HUSEYIN_TRUTH_A,SPK_HUSEYIN
D7_KADRI_HELLO,SPK_KADRI
D7_KADRI_PROTECT,SPK_KADRI
D7_LUTFI_FEE,SPK_LUTFI
D7_LUTFI_FORM,SPK_LUTFI
D7_LUTFI_HELLO,SPK_LUTFI
D7_LUTFI_TRUTH_B,SPK_LUTFI
D7_M_BRIEF,SPK_MUFIDE
D7_M_BUDGET,SPK_MUFIDE
D7_M_LOST,SPK_MUFIDE
D7_M_WALL_TORN,SPK_MUFIDE
D7_NIKO_HELLO,SPK_NIKO
D7_NIKO_LIE,SPK_NIKO
D7_N_ARRIVE,SPK_NIHAT
D7_N_BRIEF,SPK_NIHAT
D7_N_BUDGET,SPK_NIHAT
D7_N_FORM_GIVE,SPK_NIHAT
D7_N_FOUND,SPK_NIHAT
D7_N_FOUND2,SPK_NIHAT
D7_N_FOUND_CELL,SPK_NIHAT
D7_N_FOUND_CELL2,SPK_NIHAT
D7_N_FOUND_OUT,SPK_NIHAT
D7_N_GUARDS_ASK,SPK_NIHAT
D7_N_HOLO_CELL,SPK_NIHAT
D7_N_HOLO_KITCHEN,SPK_NIHAT
D7_N_HOLO_OUTSIDE,SPK_NIHAT
D7_N_HOLO_TENT,SPK_NIHAT
D7_N_HOT,SPK_NIHAT
D7_N_KADRI_ASK,SPK_NIHAT
D7_N_KADRI_FEZ,SPK_NIHAT
D7_N_LOST_END,SPK_NIHAT
D7_N_LOST_GOAT,SPK_NIHAT
D7_N_LOST_HEN,SPK_NIHAT
D7_N_LUTFI_ASK,SPK_NIHAT
D7_N_LUTFI_THANKS,SPK_NIHAT
D7_N_NIKO_ASK,SPK_NIHAT
D7_N_NO_TEA,SPK_NIHAT
D7_N_REPORT,SPK_NIHAT
D7_N_SCANNER,SPK_NIHAT
D7_N_SEND_Q,SPK_NIHAT
D7_N_SENT,SPK_NIHAT
D7_N_TEA,SPK_NIHAT
D7_N_TEA_DONE,SPK_NIHAT
D7_N_THEO_ASK,SPK_NIHAT
D7_N_THEO_CHAT,SPK_NIHAT
D7_N_THEO_CHAT2,SPK_NIHAT
D7_N_TRACE_CELL,SPK_NIHAT
D7_N_TRACE_KITCHEN,SPK_NIHAT
D7_N_TRACE_OUTSIDE,SPK_NIHAT
D7_N_TRACE_TENT,SPK_NIHAT
D7_N_WALL,SPK_NIHAT
D7_N_WALL_KEPT,SPK_NIHAT
D7_N_WALL_TORN,SPK_NIHAT
D7_THEO_CHAT,SPK_THEODOROS
D7_THEO_CHAT2,SPK_THEODOROS
D7_THEO_FORM_Z9,SPK_THEODOROS
D7_THEO_HELLO,SPK_THEODOROS
D7_THEO_TRUTH_OUT,SPK_THEODOROS
D7_T_CELL,SPK_TOLGA
D7_T_FAR_A,SPK_TOLGA
D7_T_FAR_B,SPK_TOLGA
D8_A1_ENTER,SPK_AGENT1
D8_A1_RECALL,SPK_AGENT1
D8_A2_ENTER,SPK_AGENT2
D8_A2_RECALL,SPK_AGENT2
D8_A_CAUGHT_1,SPK_AGENT1
D8_A_CAUGHT_2,SPK_AGENT2
D8_A_CAUGHT_3,SPK_AGENT1
D8_C_01,SPK_CEMIL
D8_C_03,SPK_CEMIL
D8_C_BADGE,SPK_CEMIL
D8_C_LATE,SPK_CEMIL
D8_C_PAY,SPK_CEMIL
D8_C_PAY2,SPK_CEMIL
D8_C_TAPE,SPK_CEMIL
D8_C_TEA,SPK_CEMIL
D8_C_WHERE,SPK_CEMIL
D8_C_WHERE_HEIST,SPK_CEMIL
D8_H_01,SPK_HIKMET
D8_H_AGENTS,SPK_HIKMET
D8_H_BADGE_1,SPK_HIKMET
D8_H_BADGE_2,SPK_HIKMET
D8_H_BADGE_3,SPK_HIKMET
D8_H_CALL_1,SPK_HIKMET
D8_H_CALL_3,SPK_HIKMET
D8_H_CALL_END,SPK_HIKMET
D8_H_CAUGHT_1,SPK_HIKMET
D8_H_CAUGHT_2,SPK_HIKMET
D8_H_C_02,SPK_HIKMET
D8_H_FAIL_CAUGHT,SPK_HIKMET
D8_H_FAIL_END,SPK_HIKMET
D8_H_FAIL_LATE,SPK_HIKMET
D8_H_G1,SPK_HIKMET
D8_H_G2,SPK_HIKMET
D8_H_G3,SPK_HIKMET
D8_H_G4,SPK_HIKMET
D8_H_GOT_ANTENNA,SPK_HIKMET
D8_H_GOT_CAPACITOR,SPK_HIKMET
D8_H_GOT_CUTTER,SPK_HIKMET
D8_H_GOT_LAMINATOR,SPK_HIKMET
D8_H_GOT_RAINCOAT,SPK_HIKMET
D8_H_GOT_TAPE,SPK_HIKMET
D8_H_LIST,SPK_HIKMET
D8_H_LIST_HEIST,SPK_HIKMET
D8_H_PAJAMA,SPK_HIKMET
D8_H_PAY,SPK_HIKMET
D8_H_PHONE,SPK_HIKMET
D8_H_RIDE_1,SPK_HIKMET
D8_H_RIDE_2,SPK_HIKMET
D8_H_STAY,SPK_HIKMET
D8_H_TAPE,SPK_HIKMET
D8_H_VAN,SPK_HIKMET
D8_N_CALL_2,SPK_NIHAT
D8_N_HINT,SPK_NIHAT
D8_N_RULEFREE,SPK_NIHAT
D8_T_RADIO_A,SPK_TOLGA
D8_V_01,SPK_VAN
D9_G_1,SPK_HASAN
D9_G_2,SPK_HUSEYIN
D9_G_LATER,SPK_HUSEYIN
D9_G_WAIT,SPK_HASAN
D9_H2_2,SPK_HIKMET
D9_H2_4,SPK_HIKMET
D9_H2_6,SPK_HIKMET
D9_H_8_1,SPK_HIKMET
D9_H_CALL,SPK_HIKMET
D9_H_HERE,SPK_HIKMET
D9_KADRI_NO,SPK_KADRI
D9_KADRI_OFFER_1,SPK_KADRI
D9_KADRI_OFFER_2,SPK_KADRI
D9_KADRI_TR2,SPK_KADRI
D9_KADRI_TRIAL,SPK_KADRI
D9_KADRI_YES,SPK_KADRI
D9_LUTFI_OFFER_1,SPK_LUTFI
D9_LUTFI_OFFER_2,SPK_LUTFI
D9_LUTFI_TR2,SPK_LUTFI
D9_LUTFI_TRIAL,SPK_LUTFI
D9_LUTFI_YES,SPK_LUTFI
D9_MINER_NO,SPK_MINER
D9_MINER_OFFER_1,SPK_MINER
D9_MINER_OFFER_2,SPK_MINER
D9_MINER_TR2,SPK_MINER
D9_MINER_TRIAL,SPK_MINER
D9_MINER_YES,SPK_MINER
D9_P_1,SPK_PASHA
D9_P_3,SPK_PASHA
D9_P_5,SPK_PASHA
D9_P_FATIH,SPK_PASHA
D9_P_GALATA,SPK_PASHA
D9_THEO_1,SPK_THEODOROS
D9_THEO_3,SPK_THEODOROS
D9_THEO_5,SPK_THEODOROS
D9_THEO_OPEN,SPK_THEODOROS
D9_THEO_YES,SPK_THEODOROS
D9_T_A,SPK_TOLGA
D9_T_ANSWER,SPK_TOLGA
D9_T_B,SPK_TOLGA
D9_T_BYZ,SPK_TOLGA
D9_T_C,SPK_TOLGA
D9_T_DEPORTED,SPK_TOLGA
D9_T_FATIH,SPK_TOLGA
D9_T_GALATA,SPK_TOLGA
D9_T_GATE_BYZ,SPK_TOLGA
D9_T_GATE_LETTER,SPK_TOLGA
D9_T_GATE_OPEN,SPK_TOLGA
D9_T_GATE_WAIT,SPK_TOLGA
D9_T_GOAL,SPK_TOLGA
D9_T_H2_1,SPK_TOLGA
D9_T_H2_3,SPK_TOLGA
D9_T_H2_5,SPK_TOLGA
D9_T_HERE,SPK_TOLGA
D9_T_KADRI_Q,SPK_TOLGA
D9_T_KADRI_YES,SPK_TOLGA
D9_T_LUTFI_Q,SPK_TOLGA
D9_T_LUTFI_YES,SPK_TOLGA
D9_T_MINER_Q,SPK_TOLGA
D9_T_MINER_YES,SPK_TOLGA
D9_T_P_2,SPK_TOLGA
D9_T_P_4,SPK_TOLGA
D9_T_THEO_2,SPK_TOLGA
D9_T_THEO_4,SPK_TOLGA
D9_T_THEO_OPEN,SPK_TOLGA
D9_T_THEO_YES,SPK_TOLGA
D9_T_URBAN_Q,SPK_TOLGA
D9_T_URBAN_YES,SPK_TOLGA
D9_T_Y,SPK_TOLGA
D9_URBAN_OFFER_1,SPK_URBAN
D9_URBAN_OFFER_2,SPK_URBAN
D9_URBAN_TR2,SPK_URBAN
D9_URBAN_TRIAL,SPK_URBAN
D9_URBAN_YES,SPK_URBAN
HIKMET_ITEM_BOOK,SPK_HIKMET
HIKMET_ITEM_CHICKPEAS,SPK_HIKMET
HIKMET_ITEM_LIGHTER,SPK_HIKMET
HIKMET_ITEM_PHONE,SPK_HIKMET
QUEST_DIVER_DONE,SPK_TOLGA
QUEST_ENGINEER_DONE,SPK_TOLGA
